ID,Screen,Country / company,Claim,Source (APA),Link,Retrieved,Verified by,Notes,Quote
SG-1,currency banking,Singapore,"MAS runs monetary policy through the exchange rate, managing the S$NEER against an undisclosed basket within a policy band whose slope, width and midpoint are its levers, rather than through a short-term interest rate.","Monetary Authority of Singapore. (2026, April 14). MAS monetary policy statement—April 2026. Monetary Authority of Singapore.",https://www.mas.gov.sg/news/monetary-policy-statements/2026/mas-monetary-policy-statement-april-2026,,,"Confirm the April statement describes the band framework; if not, swap in MAS's monetary policy framework page.",
SG-2,currency banking,Singapore,"In April 2026 MAS slightly increased the rate of appreciation of the S$NEER policy band, reversing its 2025 easing as imported energy and external price pressures rose.","Monetary Authority of Singapore. (2026, April 14). MAS monetary policy statement—April 2026. Monetary Authority of Singapore.",https://www.mas.gov.sg/news/monetary-policy-statements/2026/mas-monetary-policy-statement-april-2026,,,,
SG-3,currency banking,Singapore,"In July 2026 MAS increased the rate of appreciation of the S$NEER band again, by a smaller amount, leaving the band's width and midpoint unchanged.","Monetary Authority of Singapore. (2026, July 27). MAS monetary policy statement—July 2026. Monetary Authority of Singapore.",https://www.mas.gov.sg/news/monetary-policy-statements/2026/mas-monetary-policy-statement-july-2026,,,,
SG-4,currency banking,Singapore,The weekly average S$NEER appreciated 1.2% in 2025 and a further 0.4% from end-2025 to April 2026.,International Monetary Fund. (2026). Singapore: 2026 Article IV consultation—Press release; staff report; and statement by the Executive Director for Singapore (Country Report No. 26/185). International Monetary Fund.,https://doi.org/10.5089/9798229054072.002,,,,
SG-5,currency banking,Singapore,Singapore's official reserves reached about US$427 billion by April 2026.,International Monetary Fund. (2026). Singapore: 2026 Article IV consultation—Press release; staff report; and statement by the Executive Director for Singapore (Country Report No. 26/185). International Monetary Fund.,https://doi.org/10.5089/9798229054072.002,,,,
SG-6,currency banking,Singapore,"Singapore maintains no multiple-currency practices or restrictions on payments and transfers for current international transactions, other than security-related restrictions notified to the IMF.",International Monetary Fund. (2026). Singapore: 2026 Article IV consultation—Press release; staff report; and statement by the Executive Director for Singapore (Country Report No. 26/185). International Monetary Fund.,https://doi.org/10.5089/9798229054072.002,,,"In the informational annex of Country Report 26/185 (Jeff's paper cites it as IMF 2026b; same link, so one APA entry).",
SG-7,currency banking,Singapore,"Singapore imposes no significant restrictions on foreign exchange transactions or capital movements, so profits and capital can be repatriated freely.",Deloitte. (2025). International tax: Singapore highlights 2025. Deloitte Touche Tohmatsu Limited.,https://www.deloitte.com/content/dam/assets-shared/docs/services/tax/2025/dttl-tax-singaporehighlights-2025.pdf,2026-09-13,,Same source as Politics & Risk SG-60.,There are no significant restrictions on foreign exchange transactions and capital
SG-8,currency banking,Singapore,"In 2025Q2 Singapore's banks had a capital adequacy ratio of about 18.5%, nonperforming loans of about 1.1% and a loan-to-deposit ratio near 66%, with liquidity coverage ratios above the 100% minimum for D-SIBs and major foreign subsidiaries.",International Monetary Fund. (2026). Singapore: 2026 Article IV consultation—Press release; staff report; and statement by the Executive Director for Singapore (Country Report No. 26/185). International Monetary Fund.,https://doi.org/10.5089/9798229054072.002,,,,
SG-9,currency banking,Singapore,"The IMF's 2026 review found Singapore's financial sector resilient and systemic risks contained, with vulnerabilities mainly external: cross-border exposures, US-dollar funding, commercial real estate, bank/non-bank links, cyber risk and leveraged corporates.",International Monetary Fund. (2026). Singapore: 2026 Article IV consultation—Press release; staff report; and statement by the Executive Director for Singapore (Country Report No. 26/185). International Monetary Fund.,https://doi.org/10.5089/9798229054072.002,,,,
VN-1,currency banking,Vietnam,As of May 2026 the State Bank of Vietnam's refinancing and discount rates remained at historically low levels of 4.5% and 3.0%.,World Bank. (2026). Viet Nam economic update: Staying the course on reforms amid volatility. World Bank Group.,https://documents1.worldbank.org/curated/en/099740005122628080/pdf/IDU-2ee874ce-e0c0-462b-9571-99e553ef83c9.pdf,,,,
VN-2,currency banking,Vietnam,"In August 2026 the Prime Minister instructed the SBV to keep policy rates stable, provide liquidity, lower funding costs and manage the exchange rate flexibly.","Government of Vietnam. (2026, August 14). PM orders SBV to monitor exchange rate flexibly in line with market developments. Government News.",https://en.baochinhphu.vn/pm-orders-sbv-to-monitor-exchange-rate-flexibly-in-line-with-market-developments-111260814092550224.htm,,,,
VN-3,currency banking,Vietnam,"The dong depreciated about 5% against the US dollar in 2024 and stayed under pressure in 2025, prompting SBV intervention and adjustments to the centre of its ±5% trading band.",International Monetary Fund. (2025). Vietnam: 2025 Article IV consultation—Press release; staff report; and statement by the Executive Director for Vietnam (Country Report No. 25/283). International Monetary Fund.,https://doi.org/10.5089/9798229026949.002,,,,
VN-4,currency banking,Vietnam,"The average market exchange rate in July 2026 was roughly VND 26,300 per US dollar.",Asian Development Bank. (2026). Economic and financial indicators: Viet Nam. Asia Regional Integration Center.,https://aric.adb.org/database/economic-financial-indicators-result?cty=160&frq=3&mode=preview&prec=3&predefined=6,,,,
VN-5,currency banking,Vietnam,"In mid-September 2026 the SBV reference rate was around VND 25,600 per US dollar, with commercial banks allowed to trade within ±5% of it.","VietnamPlus. (2026, September 14). Reference exchange rate up 11 VND at week's beginning. VietnamPlus.",https://en.vietnamplus.vn/state-bank-of-vietnam-tag62.vnp,,,"Link is a VietnamPlus tag page, not the article itself: replace with the article's own URL.",
VN-6,currency banking,Vietnam,The SBV issued Circular No. 38/2026/TT-NHNN on foreign exchange management for foreign investment on 31 July 2026; it took effect on 18 August 2026 and governs investment capital accounts.,"Indochine Counsel. (2026, September 2). Key takeaways from Circular No. 38/2026/TT-NHNN on foreign exchange management for foreign investment activities in Vietnam. Indochine Counsel.",https://indochinecounsel.com/regulatory-notes-key-takeaways-from-circular-no-38-2026-tt-nhnn-on-foreign-exchange-management-for-foreign-investment-activities-in-vietnam,2026-09-24,,Jeff's paper cites the circular itself (no URL); this law-firm summary gives the dates.,"On 31 July 2026, the Governor of the State Bank of Vietnam issued Circular No. 38/2026/TT-NHNN"
VN-7,currency banking,Vietnam,"Foreign investors may remit profits out of Vietnam annually at fiscal year end or on termination, after audited financial statements and tax finalisation; companies with accumulated losses cannot remit.",Vietnam Briefing. (2026). Profit repatriation in Vietnam: A brief guide in 2026. Dezan Shira & Associates.,https://www.vietnam-briefing.com/news/profit-repatriation-vietnam-brief-guide-2026.html,2026-09-13,,Same source as Politics & Risk VN-60.,notifications be lodged at least seven working days prior to the scheduled remittance of profits
VN-8,currency banking,Vietnam,"In March 2025 Vietnam's on-balance-sheet NPLs were 5.3%, capital adequacy was 10.4% at public banks and 12.1% at private banks, and the system loan-to-deposit ratio exceeded 100%.",International Monetary Fund. (2025). Vietnam: 2025 Article IV consultation—Press release; staff report; and statement by the Executive Director for Vietnam (Country Report No. 25/283). International Monetary Fund.,https://doi.org/10.5089/9798229026949.002,,,,
VN-9,currency banking,Vietnam,Credit growth continued to outpace deposits; the retail-deposit share fell from 48% in 2024 to 44% in 2025 and banks leaned more on bond issuance and interbank funding.,World Bank. (2026). Viet Nam economic update: Staying the course on reforms amid volatility. World Bank Group.,https://documents1.worldbank.org/curated/en/099740005122628080/pdf/IDU-2ee874ce-e0c0-462b-9571-99e553ef83c9.pdf,,,,
VN-10,currency banking,Vietnam,Six- to twelve-month deposit rates rose to roughly 6-8% in March 2026 as banks competed for funding.,World Bank. (2026). Viet Nam economic update: Staying the course on reforms amid volatility. World Bank Group.,https://documents1.worldbank.org/curated/en/099740005122628080/pdf/IDU-2ee874ce-e0c0-462b-9571-99e553ef83c9.pdf,,,,
SG-11,macroeconomy,Singapore,"Singapore grew 6.1% year on year in the first half of 2026, and MTI raised its 2026 forecast to 4.5 to 5.5% from 2.0 to 4.0%, citing accelerating global AI-related capital expenditure.","Ministry of Trade and Industry Singapore. (2026, August 11). MTI upgrades 2026 GDP growth forecast to “4.5 to 5.5 per cent”. Ministry of Trade and Industry Singapore.",https://www.mti.gov.sg/newsroom/mti-upgrades-2026-gdp-growth-forecast-to--4-5-to-5-5-per-cent-/,2026-09-27,,Second upgrade of 2026; the first (February) is SG-10’s source.,"For the first half of 2026, Singapore’s GDP growth came in at 6.1 per cent year-on-year."
VN-21,macroeconomy,Vietnam,"S&P rates Vietnam BB+ (affirmed August 2025), one notch below investment grade.","Dong Nai Department of Foreign Affairs. (2026, January 23). Fitch Ratings lifts Viet Nam’s credit rating to BBB-. Dong Nai Department of Foreign Affairs.",https://sngv.dongnai.gov.vn/en/news/security-defense/fitch-ratings-lifts-viet-nam-s-credit-rating-to-bbb-23.html,2026-09-27,,The page’s headline is about Fitch’s secured-debt rating (VN-22); the S&P rating is further down.,
VN-22,macroeconomy,Vietnam,"Fitch’s rating on Vietnam’s unsecured long-term foreign-currency debt remains BB+; in January 2026 it raised the rating on senior secured long-term debt to BBB-, investment grade.","VnEconomy. (2026, January 25). Fitch Ratings upgrades Vietnam’s senior secured long-term debt rating to BBB-. VnEconomy.",https://en.vneconomy.vn/fitch-ratings-upgrades-vietnams-senior-secured-long-term-debt-rating-to-bbb.htm,2026-09-27,,"Added to clarify Garett’s paper: its source headline (VN-21) reads as a sovereign upgrade to BBB-, but the sovereign rating stayed BB+.","one notch higher than the country’s long-term foreign-currency rating on unsecured debt, which remains at BB+"
VN-23,macroeconomy,Vietnam,On 4 May 2026 Moody’s revised Vietnam’s outlook to positive from stable and affirmed its Ba2 rating.,"Government of Vietnam. (2026, May 5). Moody’s upgrades Viet Nam’s credit outlook to “Positive”. Government News.",https://en.baochinhphu.vn/moodys-upgrades-viet-nams-credit-outlook-to-positive-111260505101752768.htm,2026-09-27,,,"Moody’s has revised Viet Nam’s sovereign credit outlook from ‘Stable’ to ‘Positive,’"
SG-23,trade,Singapore,"Singapore’s total merchandise trade reached S$1,397.7 billion in 2025, up 8.7% from S$1,285.9 billion in 2024.","Department of Statistics Singapore. (2026, January). Singapore’s international trade [Infographic]. Department of Statistics Singapore.",https://www.singstat.gov.sg/-/media/files/visualising_data/infographics/trade_and_investment/singapore-international-trade.ashx,2026-09-27,,,
SG-24,trade,Singapore,"In August 2026 Singapore’s total exports grew 49.2% and imports 39.3% year on year; NODX rose 46.2%, with electronic NODX up 131.8% on robust AI-related demand.","Enterprise Singapore. (2026, September 17). Singapore’s external trade—August 2026 (Media Release No. 042/26). Enterprise Singapore.",https://www.enterprisesg.gov.sg/-/media/esg/files/media-centre/media-releases/2026/september/mr04226_monthly-trade-report---aug-26.pdf,2026-09-27,,,Electronic NODX surged by 131.8% in August 2026
SG-25,trade,Singapore,"In 2025 Singapore’s non-oil re-exports were S$453.1 billion against S$182.0 billion of non-oil domestic exports (about 71% re-exports), and machinery and transport equipment made up 69.2% of non-oil merchandise exports.","Department of Statistics Singapore. (2026, January). Singapore’s international trade [Infographic]. Department of Statistics Singapore.",https://www.singstat.gov.sg/-/media/files/visualising_data/infographics/trade_and_investment/singapore-international-trade.ashx,2026-09-27,,71% is computed from the two figures.,
SG-26,trade,Singapore,"Taiwan overtook Mainland China as Singapore’s largest trading partner in 2025 (S$170.3 billion vs S$162.9 billion total trade), followed by Malaysia (S$145.0 billion) and the US (S$139.2 billion).","Department of Statistics Singapore. (2026, January). Singapore’s international trade [Infographic]. Department of Statistics Singapore.",https://www.singstat.gov.sg/-/media/files/visualising_data/infographics/trade_and_investment/singapore-international-trade.ashx,,,"Figures from Brian’s paper. Automated reading of the infographic mixed up the labels, so check each partner’s total against the image when verifying.",
SG-27,trade,Singapore,"Singapore’s services exports grew 13.2% to S$533.7 billion in 2024 and services imports 12.7% to S$487.6 billion, a surplus of about S$46 billion.","Department of Statistics Singapore. (2026, February 26). Singapore’s international trade in services 2024. Department of Statistics Singapore.",https://www.singstat.gov.sg/-/media/files/news/press26022026.ashx,2026-09-27,,Surplus computed from exports minus imports.,Singapore’s services exports grew by 13.2% to $533.7 billion in 2024
SG-28,trade,Singapore,"Singapore’s services trade grew 9.4% a year from 2014 to 2024, faster than nominal GDP at 6.2%, rising from 101.8% to 136.4% of GDP.","Ministry of Trade and Industry Singapore. (2025, May 22). Trends in Singapore’s services trade. Ministry of Trade and Industry Singapore.",https://www.mti.gov.sg/resources/economic-survey-of-singapore/economic-survey-of-singapore-and-feature-articles/trends-in-singapore-s-services-trade,2026-09-27,,,services trade as a share of Singapore’s nominal GDP rose from 101.8 per cent in 2014 to 136.4 per cent in 2024
SG-29,trade,Singapore,"Singapore has 29 implemented free trade agreements, including CPTPP, RCEP and the EU–Singapore FTA.","Ministry of Trade and Industry Singapore. (2026, March 18). Free trade agreements (FTAs). Ministry of Trade and Industry Singapore.",https://www.mti.gov.sg/trade-international-economic-relations/agreements/free-trade-agreements-fta/,2026-09-27,,,"Over the years, it has forged an extensive network of 29 implemented agreements."
SG-30,trade,Singapore,The US imposed an additional 12.5% duty on Singapore’s exports from 24 July 2026 under a Section 301 forced-labour investigation covering 60 economies.,"Ministry of Trade and Industry Singapore. (2026, July 24). MTI media statement on the Office of the United States Trade Representative’s determination on the Section 301 investigation on forced labour. Ministry of Trade and Industry Singapore.",https://www.mti.gov.sg/newsroom/mti-media-statement-on-the-office-of-the-united-states-trade-representative--ustr--s-determination-on-the-section-301-investigation-on-forced-labour/,2026-09-27,,"Energy, pharmaceuticals, semiconductors and some electronics are exempt.",additional ad valorem duty of 12.5% on Singapore’s exports to the US
SG-31,trade,Singapore,"About one-third of Singapore’s domestic exports to the US, about S$9.5 billion a year and roughly 3% of total domestic exports, are exposed to the 12.5% tariff; MTI says the impact so far has been muted.","Ministry of Trade and Industry Singapore. (2026, September 8). Oral reply to PQs on impact of 12.5% tariff on Singapore’s economy and measures taken to pursue exemption. Ministry of Trade and Industry Singapore.",https://www.mti.gov.sg/newsroom/oral-reply-to-pqs-on-impact-of-12-5--tariff-on-singapore-s-economy-and-measures-taken-to-pursue-exemption/,2026-09-27,,,"About one-third of Singapore’s domestic exports to the US, worth about S$9.5 billion annually, are exposed to this 12.5% tariff."
SG-32,trade,Singapore,"In August 2026 Malaysia, Indonesia and Singapore reaffirmed their commitment to keep the Strait of Malacca and Singapore Strait free, open and safe for shipping.","Malay Mail. (2026, August 25). Malaysia, Indonesia, Singapore reaffirm commitment to free and safe Strait of Malacca. Malay Mail.",https://www.malaymail.com/news/malaysia/2026/08/25/malaysia-indonesia-singapore-reaffirm-commitment-to-free-and-safe-strait-of-malacca/232580,2026-09-27,,Not in Brian’s references: added to source his uncited Malacca point. The article doesn’t name Hormuz; it refers to events in West Asia this year.,"Malaysia, Indonesia and Singapore reaffirmed their shared commitment to keep the Strait of Malacca and Singapore Strait free, open and safe for international shipping."
SG-33,trade,Singapore,"Fewer than half of Singapore’s semiconductor fabs have helium recycling systems, against over 70% in Japan and Taiwan.","Frost & Sullivan. (2026, March 13). Helium as the new chokepoint in semiconductor supply chain: Can Singapore turn adversity into opportunity? Frost & Sullivan.",https://www.frost.com/growth-opportunity-news/industrial/helium-as-the-new-chokepoint-in-semiconductor-supply-chain-can-singapore-turn-adversity-into-opportunity/,2026-09-27,,,It is estimated that under 50% of fabs in Singapore have helium recycling systems while in Japan and Taiwan it is over 70%.
SG-34,trade,Singapore,"23% of Singapore businesses can sustain operations for four to six months through a major supply shock, against 13% globally, and 44% would pay 11–20% more in supplier costs for resilience.","Consultancy.asia. (2026, August 10). Singapore businesses show strongest supply chain resilience in global study. Consultancy.asia.",https://www.consultancy.asia/news/6697/singapore-businesses-show-strongest-supply-chain-resilience-in-global-study,2026-09-27,,Study by the consultancy Proxima.,Nearly a quarter (23%) of businesses in Singapore are able to sustain their operations for four to six months
SG-35,trade,Singapore,"Singapore and New Zealand signed the Agreement on Trade in Essential Supplies on 4 May 2026, in force 17 July 2026: the world’s first legally binding bilateral supply-chain resilience agreement, ruling out unnecessary export restrictions on food, fuel, healthcare, chemical and construction products.","Ministry of Trade and Industry Singapore. (2026, July). Agreement on Trade in Essential Supplies with New Zealand (AOTES). Ministry of Trade and Industry Singapore.",https://www.mti.gov.sg/trade-international-economic-relations/agreements/other-bilateral-agreements/agreement-on-trade-in-essential-supplies-with-new-zealand/,2026-09-27,,,the world’s first legally-binding bilateral supply chain resilience agreement
VN-26,trade,Vietnam,"Vietnam’s trade hit a record US$930.05 billion in 2025, with exports of US$475.04 billion and a US$20.03 billion surplus; FDI firms made 77.3% of exports (US$367.09 billion, up 26.1%) and domestic firms 22.7% (US$107.95 billion, down 6.1%); the US was the largest export market (US$153.2 billion) and China the largest import source (US$186.0 billion).","Real Logistics. (2026, January 7). Vietnam import and export activities in 2025 reach a historic record of over USD 930 billion. Real Logistics Co.",https://reallogistics.vn/market-updates/vietnam-import-and-export-activities-in-2025-reach-a-historic-record-of-over-usd-930-billion,2026-09-27,,,Vietnam’s total merchandise import and export turnover in 2025 reached USD 930.05 billion
VN-27,trade,Vietnam,"In January–August 2026 Vietnam’s exports grew 22.4% to US$374.84 billion and imports 35.3% to US$395.30 billion, with US$138.6 billion of imports from China.",Trading Economics. (n.d.). Vietnam balance of trade. Trading Economics.,https://tradingeconomics.com/vietnam/balance-of-trade,2026-09-27,,Live data page: check the eight-month figures are still quoted. Brian’s ~41% China share (Jan–Jul) isn’t on the page now; US$138.6bn is about 35% of Jan–Aug imports.,"exports increased 22.4% to USD 374.84 billion, while imports grew 35.3% to USD 395.30 billion"
VN-28,trade,Vietnam,"By 15 September 2026 Vietnam had a US$23.5 billion trade deficit, the highest in 30 years; the FDI sector ran a surplus of about US$8.7 billion and domestic firms a deficit above US$32.2 billion.","Vietnam.vn. (2026, September). Trade deficit reaches 30-year peak: What pressure will this put on growth? Vietnam.vn.",https://www.vietnam.vn/en/nhap-sieu-lap-dinh-30-nam-suc-ep-nao-len-tang-truong,2026-09-27,,Replaces Brian’s four-month sector split with the mid-September figures from the same article.,"US$23.5 billion, the highest in the last 30 years"
VN-29,trade,Vietnam,"In the first half of 2026 Vietnam exported about US$266.52 billion, including US$86.5 billion to the US and US$37.9 billion to China.","Government of Vietnam. (2026, July 4). Viet Nam’s foreign trade up over 27% in first half. Government News.",https://en.baochinhphu.vn/viet-nams-foreign-trade-up-over-27-in-first-half-111260704101148237.htm,2026-09-27,,,export turnover reached approximately US$266.52 billion
VN-30,trade,Vietnam,"Vietnam’s exports to Japan reached about US$14.78 billion in the first half of 2026, up 15.36%.","Vietnam Industry and Trade Information Center. (2026, August 4). Vietnam-Japan trade and prospects for breakthrough in 2026. AsemconnectVietnam.",https://asemconnectvietnam.gov.vn/default.aspx?ZID1=8&ID1=2&ID8=150334,2026-09-27,,,the total value of goods exported from Vietnam to the Japanese market in the first six months of 2026 reached approximately US$14.78 billion
VN-31,trade,Vietnam,"Vietnam’s imports from South Korea exceeded US$60.12 billion in January–August 2026, up 54.07%.","Vietnam Industry and Trade Information Center. (2026, September 21). Vietnam’s imports from South Korea saw growth in August and first 8 months of 2026. AsemconnectVietnam.",https://asemconnectvietnam.gov.vn/default.aspx?ZID1=8&ID1=2&ID8=151322,2026-09-27,,Brian’s ~15% share isn’t stated on the page; it is about 15% of Jan–Aug imports by calculation.,"the total value of imports from this market surpassed US$60.12 billion, a 54.07% rise year-on-year"
VN-32,trade,Vietnam,"Vietnam–US bilateral trade reached about US$137.42 billion by the end of August 2026, up 23.4% year on year.","Chi, K. (2026, September 20). Vietnam–US trade expands, unlocking greater cooperation potential. VnEconomy.",https://en.vneconomy.vn/vietnam-us-trade-expands-unlocking-greater-cooperation-potential.htm,2026-09-27,,,"total bilateral trade reached approximately $137.42 billion as of the end of August 2026, up 23.4%"
VN-33,trade,Vietnam,"Vietnam is a signatory to 18 active and planned FTAs, including CPTPP (in force 2019), RCEP (2022; about 30% of world population and GDP) and the EU–Vietnam FTA (2020).",Vietnam Briefing. (n.d.). Vietnam’s international free trade and tax agreements. Dezan Shira & Associates.,https://www.vietnam-briefing.com/doing-business-guide/vietnam/why-vietnam/vietnam-s-international-free-trade-and-tax-agreements,2026-09-27,,"Brian’s “~99% EU tariff elimination” isn’t on this page, so it is left off the slide.","a signatory to 18 active and planned, bilateral and multilateral Free Trade Agreements"
VN-34,trade,Vietnam,The share of Vietnamese SMEs participating in supply chains fell from 35% in 2009 to 18% in 2023.,"Nhan Dan. (2026, September 22). Vietnamese enterprises poised to break through amid supply chain shifts. Nhan Dan.",https://en.nhandan.vn/vietnamese-enterprises-poised-to-break-through-amid-supply-chain-shifts-post166886.html,2026-09-27,,,the proportion of small and medium-sized enterprises participating in supply chains falling from 35% in 2009 to 18% in 2023
VN-35,trade,Vietnam,"The US applied reciprocal tariffs of 20% on Vietnam from August 2025, lowered to 10% in February 2026 after the Supreme Court overruled the use of IEEPA.","Center for Strategic and International Studies. (2026, September). Does Vietnam’s soaring U.S. trade deficit make it a bad actor? Center for Strategic and International Studies.",https://www.csis.org/analysis/does-vietnams-soaring-us-trade-deficit-make-it-bad-actor,2026-09-27,,,which were then lowered to 10 percent in February 2026 after the Supreme Court overruled the president’s use of the International Emergency Economic Powers Act
VN-36,trade,Vietnam,Vietnam pays the flat 12.5% Section 301 forced-labour tariff that took effect on 24 July 2026.,"Global Trade Alert. (2026, July 23). Forced-labour Section 301 tariffs on 60 economies take effect on 24 July: An overview of the final action. Global Trade Alert.",https://globaltradealert.org/blog/forced-labour-section-301-final-action,2026-09-27,,,"The remaining 38 economies, including China, Brazil, Vietnam and Russia, pay the flat 12.5% rate."
VN-37,trade,Vietnam,A coalition of 25 US states sued the administration in August 2026 over the Section 301 forced-labour tariffs on 60 trading partners.,"Supply Chain Dive. (2026, August 4). 25 states sue Trump over Section 301 forced-labor tariffs. Industry Dive.",https://www.supplychaindive.com/news/25-states-sue-trump-over-section-301-forced-labor-tariffs/826908/,2026-09-27,,,A 25-state coalition has sued the Trump administration over its Section 301 tariffs on 60 trading partners
VN-38,trade,Vietnam,"Chinese-owned firms account for a disproportionate share of Vietnam’s export boom to the US, consistent with production relocating from China, while supply chains remain closely tied to China.","Board of Governors of the Federal Reserve System. (2026, July 17). Vietnam’s export boom to the U.S.: The role of Chinese firms. FEDS Notes.",https://www.federalreserve.gov/econres/notes/feds-notes/vietnams-export-boom-to-the-u-s-the-role-of-Chinese-firms-20260717.html,2026-09-27,,,Chinese-owned firms account for a disproportionate share of Vietnam’s export boom to the U.S.
VN-39,trade,Vietnam,Vietnam’s semiconductor strategy offers incentives such as subsidies of up to 50% of initial investment for semiconductor R&D centres.,"Bui, T. M. (2025, October 1). Vietnam’s semiconductor strategy: From vision to values. Deloitte Southeast Asia.",https://www.deloitte.com/southeast-asia/en/services/tax/perspectives/vn-semiconductor-en.html,2026-09-27,,,R&D centers in semiconductors may be eligible for subsidies covering up to 50% of their initial investment costs.
VN-40,trade,Vietnam,"FTSE Russell’s move of Vietnam to secondary emerging market status, phased in over four stages through 2027, could draw up to US$6 billion over time, largely from index-tracking funds.","Finimize. (2026, September 18). Vietnam’s FTSE upgrade has foreign investors taking another look. Finimize.",https://finimize.com/content/vietnams-ftse-upgrade-has-foreign-investors-taking-another-look,2026-09-27,,,could pull in up to $6 billion over time
VN-41,trade,Vietnam,"SSI Securities projects about US$10 billion could flow into Vietnam’s stock market in the 12 months after the FTSE upgrade, including active as well as passive capital.","Vietnam.vn. (2026, September). Upgrading the stock market creates opportunities to connect with international capital flows. Vietnam.vn.",https://www.vietnam.vn/en/nang-hang-chung-khoan-co-hoi-ket-noi-dong-von-quoc-te,2026-09-27,,,approximately $10 billion could flow into the Vietnamese market in the next 12 months
SG-36,domestic market,Singapore,"Median gross monthly income of full-time employed residents rose from S$3,949 in 2015 to S$5,775 in 2025; real total wages grew 4.0% in 2025 and about 2.1% a year over the decade.","Manpower Research & Statistics Department. (2026, August 31). Income summary table. Ministry of Manpower Singapore.",https://stats.mom.gov.sg/Pages/Income-Summary-Table.aspx,2026-09-27,,Includes employer CPF contributions.,
SG-37,domestic market,Singapore,"In Numbeo’s mid-2026 rankings Singapore is 19th in the world for cost of living, with a cost of living index of 90.8, rent index 68.3, combined index 80.5 and local purchasing power index 91.3 (New York = 100).",Numbeo. (2026). Cost of living rankings: 2026 mid-year. Numbeo.,https://www.numbeo.com/cost-of-living/rankings.jsp?title=2026-mid,2026-09-27,,Crowd-sourced index; the table updates each half-year. Mel’s “3rd highest in Asia” wasn’t checked.,
SG-38,domestic market,Singapore,"In 2023 each Singapore household member spent about S$1,986 a month on goods and services, rising since 2012/13; outside housing, food, transport, insurance and personal care, and health were the top categories.",Department of Statistics Singapore. (n.d.). Household expenditure [Infographic]. Department of Statistics Singapore.,https://www.singstat.gov.sg/infographics/household-expenditure,,,Interactive infographic couldn’t be read automatically: confirm the figure and categories when verifying.,
VN-42,domestic market,Vietnam,"Monthly average income per person in Ho Chi Minh City rose from about 7.50 million VND in 2018 to 10.68 million VND in 2025, against 4.85 million to 8.43 million VND nationally.","National Statistics Office of Vietnam. (2026). Health, culture, sport and living standard [Data set]. National Statistics Office of Vietnam.",https://www.nso.gov.vn/en/px-web/?pxid=E1436&theme=E+14.+Health%2C+Culture%2C+Sport+and+Living+standard__Px_E_14,,,Interactive PX-Web table couldn’t be read automatically: confirm the values when verifying.,
VN-43,domestic market,Vietnam,"In Numbeo’s mid-2026 rankings Ho Chi Minh City ranks 494th of 547 for cost of living, with a cost of living index of 29.6, rent index 12.6, combined index 21.8 and local purchasing power index 42.7 (New York = 100).",Numbeo. (2026). Cost of living rankings: 2026 mid-year. Numbeo.,https://www.numbeo.com/cost-of-living/rankings.jsp?title=2026-mid,2026-09-27,,Cost of living index 29.6 confirmed; check the rank and other columns when verifying.,
VN-44,domestic market,Vietnam,Monthly spending per person in Vietnam rose from 2.157 million VND in 2016 to 2.977 million VND in 2024.,"National Statistics Office of Vietnam. (2026). Health, culture, sport and living standard [Data set]. National Statistics Office of Vietnam.",https://www.nso.gov.vn/en/px-web/?pxid=E1436&theme=E+14.+Health%2C+Culture%2C+Sport+and+Living+standard__Px_E_14,,,Same PX-Web dataset as VN-42: confirm the values when verifying.,
VN-45,domestic market,Vietnam,"Domestic credit to Vietnam’s private sector reached 141% of GDP in 2025, up from 108% in 2019.","BNP Paribas Economic Research. (2026, September 24). Country risk profile: Vietnam. BNP Paribas.","https://economic-research.bnpparibas.com/html/fr-FR/Country-Risk-Profile-Vietnam-24/09/2026,53789",2026-09-27,,,Domestic credit to the private sector is too large and still rising (141% of GDP in 2025 vs. 108% in 2019)
SG-39,investment climate,Singapore,"Singapore received US$151 billion of FDI in 2025, up from US$136 billion in 2024, making it one of the world’s largest recipients and about 62% of Southeast Asia’s US$244 billion, reflecting its role as a headquarters and financial hub.",UNCTAD. (2026). World investment report 2026: International investment in a turbulent era. United Nations.,https://unctad.org/system/files/official-document/wir2026_en.pdf,2026-09-27,,62% computed from the two figures. UNCTAD ranks Singapore third globally in 2025.,
SG-40,investment climate,Singapore,"EDB secured S$14.2 billion of fixed asset investment commitments in 2025, about S$12.1 billion manufacturing-related, expected to create 15,700 jobs, two-thirds paying over S$5,000 a month; key areas were AI chips and servers, biopharma and medtech, specialty chemicals, aerospace MRO and tech headquarters.","Economic Development Board. (2026, February 9). EDB year 2025 in review. Economic Development Board Singapore.",https://www.edb.gov.sg/en/about-edb/media-releases-publications/edb-year-2025-in-review.html,2026-09-27,,Slide converts to US$ at about S$1.28 per US$ (Justin’s rate).,"about two-thirds of jobs committed are expected to have a gross monthly wage above S$5,000"
SG-41,investment climate,Singapore,"Singapore Budget 2026 gives a 400% deduction on up to S$50,000 a year of qualifying AI spending, S$37 billion for the RIE fund over 2026–2030, and extends the Global Trader Programme to 2031; Pillar Two top-up taxes apply from 1 January 2025.",EY. (2026). Singapore Budget 2026: Upcoming incentive refresh in a Pillar Two world. Ernst & Young.,https://www.ey.com/en_gl/technical/tax-alerts/singapore-budget-2026-upcoming-incentive-refresh-in-a-pillar-two-world,2026-09-27,,Slide converts to US$ at about S$1.28 per US$ (Justin’s rate).,"a 400% deduction/allowance on up to S$50,000 per YA"
SG-42,investment climate,Singapore,"Energy products, pharmaceuticals, certain electronics, aerospace items and semiconductors are excluded from the 12.5% US Section 301 tariff on Singapore.","Malay Mail. (2026, July 24). Singapore rejects forced labour claims as US slaps 12.5pc tariff on one-third of exports. Malay Mail.",https://www.malaymail.com/news/singapore/2026/07/24/singapore-rejects-forced-labour-claims-as-us-slaps-125pc-tariff-on-onethird-of-exports/228823,2026-09-27,,,"Energy products, pharmaceuticals, certain electronics, aerospace items, semiconductors and metals used in currency and bullion are also excluded."
SG-43,investment climate,Singapore,MAS core inflation averaged 4.2% in 2023 and 2.7% in 2024.,"Ministry of Trade and Industry Singapore. (2025, January 23). Consumer price developments in December 2024. Ministry of Trade and Industry Singapore.",https://www.mti.gov.sg/newsroom/consumer-price-developments-in-december-2024,2026-09-27,,,"For 2024 as a whole, MAS Core Inflation averaged 2.7%, easing from 4.2% in 2023."
SG-44,investment climate,Singapore,MAS core inflation averaged 0.7% in 2025.,"Ministry of Trade and Industry Singapore. (2026, January 23). Consumer price developments in December 2025. Ministry of Trade and Industry Singapore.",https://www.mti.gov.sg/newsroom/consumer-price-developments-in-december-2025,2026-09-27,,,"For 2025 as a whole, MAS Core Inflation averaged 0.7%"
SG-45,investment climate,Singapore,Rising business costs were the top concern of 71.8% of firms in a Singapore Chinese Chamber of Commerce and Industry survey.,"Xinhua. (2026, August 7). Rising costs top Singapore businesses’ concerns, survey finds. Xinhua News Agency.",https://english.news.cn/asiapacific/20260807/3939a3796a8c48b48fc593ca3bb97a8c/c.html,2026-09-27,,,"the most commonly cited concern was rising business costs, selected by 71.8 percent of respondents"
VN-46,investment climate,Vietnam,"Registered FDI in Ho Chi Minh City reached about US$8.37 billion in 2025, up 24.2%.","VietnamPlus. (2025, December 26). HCM City posts 24% rise in registered FDI in 2025. VietnamPlus.",https://en.vietnamplus.vn/hcm-city-posts-24-rise-in-registered-fdi-in-2025-post334936.vnp,2026-09-27,,,"Total registered foreign direct investment (FDI) in Ho Chi Minh City in 2025 is estimated at nearly 8.37 billion USD, up 24.2% from 2024"
VN-47,investment climate,Vietnam,"Ho Chi Minh City attracted more than US$10.06 billion of FDI in the first eight months of 2026, and exports reached US$65.83 billion.","VnEconomy. (2026, September 6). HCM City records strong economic growth in first eight months. VnEconomy.",https://en.vneconomy.vn/hcm-city-records-strong-economic-growth-in-first-eight-months.htm,2026-09-27,,,"foreign direct investment (FDI) reaching more than $10.06 billion, up 167.3% year-on-year"
VN-48,investment climate,Vietnam,"Vietnam’s disbursed FDI rose every year from US$19.74 billion in 2021 to US$27.62 billion in 2025, a five-year high.","The Investor. (2026, January 8). Vietnam’s 2025 FDI disbursement hits 5-year high. The Investor.",https://theinvestor.vn/vietnams-2025-fdi-disbursement-hits-5-year-high-d18057.html,2026-09-27,,,
VN-49,investment climate,Vietnam,"In the first seven months of 2026 foreign investors put US$2.737 billion into Ho Chi Minh City through capital contributions and share purchases; many new projects were in hyperscale data centres, biomedical technology and smart electronics.","VOV. (2026, August 4). HCM City accelerates FDI attraction, approaching US$11 billion mark. Voice of Vietnam.",https://english.vov.vn/en/economy/hcm-city-accelerates-fdi-attraction-approaching-us11-billion-mark-post1320966.vov,2026-09-27,,,"Foreign investors also made 1,119 capital contributions and share purchases, totaling US$2.737 billion in registered capital."
VN-50,investment climate,Vietnam,"Ho Chi Minh City’s industrial and export-processing zones drew over US$5.14 billion by August 2026, 21% above the full-year target.","Viet Nam News. (2026, August 26). HCM City’s industrial investment attraction surpasses 2026 target. Viet Nam News.",https://vietnamnews.vn/economy/1798314/hcm-city-s-industrial-investment-attraction-surpasses-2026-target.html,2026-09-27,,,exceeding the full-year target by 21 per cent
VN-51,investment climate,Vietnam,"After merging with Binh Duong and Ba Ria–Vung Tau, Ho Chi Minh City oversees 66 industrial and export-processing zones and the Cai Mep–Thi Vai deep-water port area; the merged region produced over 25% of national industrial output in 2024.",The Investor. (2025). Ho Chi Minh City powers up as industrial giant post-merger. The Investor.,https://theinvestor.vn/ho-chi-minh-city-powers-up-as-industrial-giant-post-merger-d16422.html,2026-09-27,,The article doesn’t give the merger date (July 2025 in Justin’s paper).,"The city now oversees 66 industrial and export-processing zones spanning 27,000 ha"
VN-52,investment climate,Vietnam,"Vietnam’s international financial centres offer a 10% corporate income tax rate for 30 years for new projects in priority industries, and members can repatriate capital and profits without the foreign exchange controls that ordinarily apply in Vietnam.","Nguyen, H. T., & Le, P. (2026, August 18). Vietnam bets big on bringing international finance onshore. East Asia Forum.",https://eastasiaforum.org/2026/08/18/vietnam-bets-big-on-bringing-international-finance-onshore/,2026-09-27,,,a 10 per cent corporate income tax rate for 30 years for new investment projects in priority industries
VN-53,investment climate,Vietnam,The government set a November 2026 deadline for the international financial centre’s executive agencies to have concrete products and substantive deals in place.,"The Investor. (2026, September 8). Vietnam’s International Financial Center must have ‘real deals’ by November: Official. The Investor.",https://theinvestor.vn/vietnams-international-financial-center-must-have-real-deals-by-november-official-d19957.html,2026-09-27,,,the government has set a deadline of November for the two executive agencies of the IFC to have concrete products and substantive deals in place
VN-54,investment climate,Vietnam,Many 110–220kV substations in Ho Chi Minh City’s urban areas already operate at full capacity.,"VietnamPlus. (2026, May 5). Ho Chi Minh City seeks to secure “sufficient–clean–reliable” power for double-digit growth. VietnamPlus.",https://en.vietnamplus.vn/ho-chi-minh-city-seeks-to-secure-sufficientcleanreliable-power-for-double-digit-growth-post342226.vnp,2026-09-27,,,many 110–220kV substations in urban areas are already operating at full capacity
VN-55,investment climate,Vietnam,"Vietnam’s trade ministry warned of a 4,200-megawatt shortfall in power capacity in 2027.","Cao, B. (2026, September 16). Vietnam warns of blackouts from 2027 as power projects stutter. Energy Connects.",https://www.energyconnects.com/news/utilities/2026/september/vietnam-warns-of-blackouts-from-2027-as-power-projects-stutter,2026-09-27,,Bloomberg story republished by Energy Connects.,"a 4,200-megawatt shortfall in power capacity next year"
VN-56,investment climate,Vietnam,As of late June 2026 Ho Chi Minh City had disbursed only about a quarter of its planned public investment budget for the year.,"Viet Nam News. (2026, July 3). HCM City growth accelerates to 8.55% first half of 2026, but tougher test lies ahead. Viet Nam News.",https://vietnamnews.vn/economy/1784690/hcm-city-growth-accelerates-to-8-55-first-half-of-2026-but-tougher-test-lies-ahead.html,2026-09-27,,Same article as VN-11.,"As of late June, the city had disbursed only about one-quarter of its planned public investment budget for the year"
VN-57,investment climate,Vietnam,"Vietnam’s CPI averaged 4.45% in the first eight months of 2026, just under the 4.5% target.","The Investor. (2026, September 4). Vietnam CPI edges closer to 4.5% target. The Investor.",https://theinvestor.vn/vietnam-cpi-edges-closer-to-45-target-d19935.html,2026-09-27,,,
VN-58,investment climate,Vietnam,Broker MBS expects the USD/VND rate to rise 2.5–3% in 2026.,"The Investor. (2026, February 14). Broker MBS flags three factors pressuring Vietnam’s exchange rate. The Investor.",https://theinvestor.vn/broker-mbs-flags-three-factors-pressuring-vietnams-exchange-rate-d18383.html,2026-09-27,,,"the USD/VND exchange rate to remain relatively stable in 2026, with a rise of 2.5-3%"
VN-59,investment climate,Vietnam,"Vietnam’s amended Investment Law took effect on 1 March 2026, removing some approval procedures, with transitional provisions for existing projects.",Vietnam Briefing. (2026). Vietnam amended investment law: Key transitional provisions. Dezan Shira & Associates.,https://www.vietnam-briefing.com/news/vietnam-amended-investment-law-transitional-provisions.html/,2026-09-27,,,
VN-60,investment climate,Vietnam,"FTSE Russell confirmed Vietnam’s upgrade from frontier to secondary emerging market status, effective 21 September 2026.","The Investor. (2026, April 8). FTSE Russell confirms Vietnam’s market status upgrade to secondary emerging from Sept 21. The Investor.",https://theinvestor.vn/ftse-russell-confirms-vietnams-market-status-upgrade-to-secondary-emerging-from-sept-21-d18799.html,2026-09-27,,,
VN-61,investment climate,Vietnam,"Singapore was the largest source of newly registered FDI in Vietnam in the first eight months of 2026, with US$7.62 billion or 35.1%.","VietnamPlus. (2026, September 3). Vietnam attracts 40.63 billion USD in FDI in eight months. VietnamPlus.",https://en.vietnamplus.vn/vietnam-attracts-4063-billion-usd-in-fdi-in-eight-months-post351170.vnp,2026-09-27,,Share is of newly licensed projects only.,"Singapore led with 7.62 billion USD, making up 35.1% of the new registered capital"
SG-46,domestic market,Singapore,"Singapore’s household debt was 44.1% of GDP in the first quarter of 2026, up from 44.0% in the fourth quarter of 2025; the series peaked at 66.9% in Q4 2014.",Trading Economics. (n.d.). Singapore households debt to GDP. Trading Economics.,https://tradingeconomics.com/singapore/households-debt-to-gdp,2026-09-28,,"Replaces Mel’s “private sector credit” label: the 44.1% series is household debt only. Live data page. CEIC’s series gives 53.0% (Sep 2025), so the two differ by method. Mel’s “40–60% over the last decade” isn’t stated on either page.",Households Debt in Singapore increased to 44.10 percent of GDP in the first quarter of 2026
VN-62,domestic market,Vietnam,"Average annual education spending per student in Vietnam reached 9.5 million VND in 2024, up 36.3% from 7 million VND in 2022.","Vietnam Briefing. (2025, September 2). Vietnam’s rising purchasing power: 2024 living standards survey. Dezan Shira & Associates.",https://www.vietnam-briefing.com/news/vietnams-rising-purchasing-power-2024-household-living-standards-survey.html/,2026-09-28,,"Added to support Mel’s “focus on education/development” point. Her Vietnam top-five spending ranking has no official source yet, so it isn’t on the slide.","average annual spending per student reaching VND 9.5 million (US$380), a 36.3 per cent increase"
