ID,Screen,Country / company,Claim,Source (APA),Link,Retrieved,Verified by,Notes,Quote
SG-1,cultural values,Singapore,"On Hofstede's dimensions Singapore scores 74 for power distance, 20 for individualism, 8 for uncertainty avoidance and 48 for masculinity.",Grand Valley State University. (n.d.). 18.4 Divergent cultural characteristics. Business Communication for Success: GVSU Edition.,https://pressbooks.gvsu.edu/businesscommunication/?p=342,2026-10-03,,The table on this page credits Cardon (2016). A Hofstede Insights / The Culture Factor country page would be a stronger source.,Singapore 74 20 8 48
SG-2,cultural values,Singapore,"Singapore's citizens were 75.5% Chinese, 15.1% Malay, 7.6% Indian and 1.8% other in June 2025.","National Population and Talent Division. (2025, September). Population in brief 2025. Strategy Group, Prime Minister's Office.",https://www.strategygroup.gov.sg/files/population_in_brief_2025.pdf,2026-10-03,,,"Chinese 75.5, Malays 15.1, Indians 7.6, Others 1.8"
SG-3,demographics,Singapore,"Singapore's total population was 6.11 million in June 2025, of whom 4.20 million were residents.","National Population and Talent Division. (2025, September). Population in brief 2025. Strategy Group, Prime Minister's Office.",https://www.strategygroup.gov.sg/files/population_in_brief_2025.pdf,2026-10-03,,,Singapore's total population stood at 6.11 million as at June 2025
SG-4,demographics,Singapore,"The median age of Singapore's citizens was 43.7 in June 2025, and 20.7% of citizens were 65 or older.","National Population and Talent Division. (2025, September). Population in brief 2025. Strategy Group, Prime Minister's Office.",https://www.strategygroup.gov.sg/files/population_in_brief_2025.pdf,2026-10-03,,,the median age of the citizen population also rose from 43.4 years to 43.7 years between June 2024 and June 2025
SG-5,demographics,Singapore,"In 2025, 37.6% of Singapore residents aged 25 and over held university qualifications (33.0% in 2020), and 64.8% held post-secondary or higher qualifications.",Singapore Department of Statistics. (n.d.). General household survey 2025. Singapore Department of Statistics.,https://www.singstat.gov.sg/files/78e174c9-8775-40a1-b3fc-b5955d51ad2e.pdf,2026-10-03,,Base: residents aged 25 and over not in full-time education. Add the publication date when confirmed.,"64.8% residents obtained post-secondary or higher qualifications in 2025, up from 58.3% in 2020."
SG-6,demographics,Singapore,Business and administration is the most common field of study among Singapore's university graduates.,Singapore Department of Statistics. (n.d.). General household survey 2025. Singapore Department of Statistics.,https://www.singstat.gov.sg/files/78e174c9-8775-40a1-b3fc-b5955d51ad2e.pdf,2026-10-03,,,Business and administration continued to be the most common field of study among university graduates.
SG-7,buying habits,Singapore,"In UOB's 2025 survey, 53% of Singapore consumers looked for offers or discounts, 55% bought more on sale, 51% spent less on non-essentials and 11% paid a premium for an eco-friendly product.",United Overseas Bank. (2025). ASEAN consumer sentiment study 2025: Singapore report. UOB.,https://www.uobgroup.com/assets/web-resources/asean-insights/pdf/acss-2025-singapore-report.pdf,2026-10-03,,"Fieldwork May-June 2025, 1,000 respondents.",Looked for offers/discounts when shopping
SG-8,buying habits,Singapore,"In UOB's 2025 survey, rising cost of living was the top concern for 66% of Singapore consumers, 63% said inflation had hurt their purchasing power, and 52% were cautious but still bought most of what they needed.",United Overseas Bank. (2025). ASEAN consumer sentiment study 2025: Singapore report. UOB.,https://www.uobgroup.com/assets/web-resources/asean-insights/pdf/acss-2025-singapore-report.pdf,2026-10-03,,,We are cautious with our spending but still purchase most of what is needed
SG-9,buying habits,Singapore,"In UOB's 2025 survey, 63% of Singapore consumers had paid with cash, 56% with scan-to-pay and 52% with a physical credit card.",United Overseas Bank. (2025). ASEAN consumer sentiment study 2025: Singapore report. UOB.,https://www.uobgroup.com/assets/web-resources/asean-insights/pdf/acss-2025-singapore-report.pdf,2026-10-03,,,Payment via physical credit cards
SG-10,buying habits,Singapore,"Shopee, Lazada and TikTok Shop sold US$7.7 billion in Singapore in FY2025: Shopee 48%, TikTok Shop 31% and Lazada 22%.","Htet Htet. (2026, June 23). E-commerce in Singapore: Market data, platform breakdown, and what brands need to know in 2026. Cube Asia.",https://cube.asia/e-commerce-in-singapore/,2026-10-03,,,"combined GMV across Shopee, Lazada, and TikTok Shop in Singapore reached USD 7.7 billion in FY 2025"
SG-11,media channels,Singapore,"In October 2025, 98.4% of Singapore's population (5.78 million) used the internet, 90.6% (5.33 million, up 3.3%) had social media identities, and mobile connections equalled 166% of the population.","Kemp, S. (2025, November 5). Digital 2026: Singapore. DataReportal.",https://datareportal.com/reports/digital-2026-singapore,2026-10-03,,,there were 5.78 million internet users in Singapore in October 2025
SG-12,media channels,Singapore,"In late 2025, ads in Singapore could reach 5.33 million on YouTube, 5.10 million LinkedIn members (86.7% of the population), 3.80 million on Facebook, 3.80 million adults on TikTok and 3.35 million on Instagram.","Kemp, S. (2025, November 5). Digital 2026: Singapore. DataReportal.",https://datareportal.com/reports/digital-2026-singapore,2026-10-03,,,
SG-13,media channels,Singapore,"Only 16% of Singaporeans had shopped on TikTok Shop, Facebook Marketplace or Instagram Shop in the past six months.","Milieu Insight. (2026, June 29). Only 16% shop via social media. Can TikTok Shop break through? Milieu Insight.",https://www.mili.eu/insights/singaporeans-shop-on-social-media-can-tiktok-shop-break-through-milieu-insight-research,2026-10-03,,,only 16% have shopped on either one of these platforms in the past six months
SG-14,media channels,Singapore,58% of TikTok shoppers in Singapore discovered new products through content creators.,"Milieu Insight. (2026, June 29). Only 16% shop via social media. Can TikTok Shop break through? Milieu Insight.",https://www.mili.eu/insights/singaporeans-shop-on-social-media-can-tiktok-shop-break-through-milieu-insight-research,2026-10-03,,,58% of TikTok shoppers said they have discovered new products through content creators
SG-15,media channels,Singapore,About a third (32%) of Singaporeans had no trust at all in products endorsed by influencers (2020).,"Ho, K. (2020, March 11). Half of Singaporeans trust virtual influencers less than human ones. YouGov.",https://yougov.com/articles/28350-half-singaporeans-trust-virtual-influencers-less-h,2026-10-03,,2020 survey: look for a newer one if available.,About a third (32%) have no trust at all
SG-16,media channels,Singapore,"Since 1 October 2022, the PDPA's maximum fine is 10% of annual Singapore turnover for organisations with turnover above S$10 million, or S$1 million otherwise.","Allen & Gledhill. (2022, November 2). Increased maximum financial penalties under Personal Data Protection Act 2012 from 1 October 2022. Allen & Gledhill.",https://www.allenandgledhill.com/sg/publication/articles/22617/increased-maximum-financial-penalties-under-personal-data-protection-act-2012-from-1-october-2022,2026-10-03,,,10% of the organisation's annual turnover in Singapore
SG-17,media channels,Singapore,The maximum fine on an organisation for breaching the PDPA's Do Not Call rules is S$1 million.,"Allen & Gledhill. (2022, November 2). Increased maximum financial penalties under Personal Data Protection Act 2012 from 1 October 2022. Allen & Gledhill.",https://www.allenandgledhill.com/sg/publication/articles/22617/increased-maximum-financial-penalties-under-personal-data-protection-act-2012-from-1-october-2022,2026-10-03,,,in any other case is S$1 million
VN-1,cultural values,Vietnam,"On Hofstede's dimensions Vietnam scores 70 for power distance, 20 for individualism and 30 for uncertainty avoidance.",Hofstede Insights. (n.d.). Country comparison: Vietnam. Hofstede Insights.,"https://fsppm.fulbright.edu.vn/cache/03.2.E.-Hofstede-Insights,-Country-Comparison-2022-02-15-09355467.pdf",2026-10-03,,Copy of the Hofstede Insights page hosted by Fulbright University Vietnam.,Vietnam scores high on this dimension (score of 70)
VN-2,cultural values,Vietnam,"Nearly 60% of Vietnamese consumers view Japanese products very positively, 42% American products, and only 15% Chinese products.","Hai Yen. (2026, June 15). Japanese products dominate Vietnamese consumer trust, but younger shoppers rewriting rules. The Investor.",https://theinvestor.vn/japanese-products-dominate-vietnamese-consumer-trust-but-younger-shoppers-rewriting-rules-d19324.html,2026-10-03,,Q&Me country-of-origin survey.,Nearly 60% of respondents said they held a 'very positive' view of products made in Japan
VN-3,cultural values,Vietnam,Younger Vietnamese consumers have significantly more confidence in domestic brands than older generations.,"Hai Yen. (2026, June 15). Japanese products dominate Vietnamese consumer trust, but younger shoppers rewriting rules. The Investor.",https://theinvestor.vn/japanese-products-dominate-vietnamese-consumer-trust-but-younger-shoppers-rewriting-rules-d19324.html,2026-10-03,,,younger consumers expressing significantly stronger confidence in domestic brands than older generations
VN-4,demographics,Vietnam,"Vietnam had 102 million people in October 2025, with a median age of 33.4; 41.1% lived in urban areas.","Kemp, S. (2025, November 8). Digital 2026: Vietnam. DataReportal.",https://datareportal.com/reports/digital-2026-vietnam,2026-10-03,,,The median age of Vietnam's population was 33.4
VN-5,demographics,Vietnam,"Vietnam's middle class is projected to be 26% of the population in 2026, up from 13% in 2023.","Vu, N. H. (2026, July 28). Understanding how Vietnam's middle class is reshaping consumer spending. Vietnam Briefing.",https://www.vietnam-briefing.com/news/understanding-vietnams-middle-class-size-spending-patterns-and-opportunities-for-businesses.html,2026-10-03,,,The middle class is projected to account for 26 percent of Vietnam's population in 2026
VN-6,demographics,Vietnam,"Average monthly household income was 27.5 million dong in Ho Chi Minh City and 25.9 million dong in Hanoi, against a national average of 21.9 million dong.","Vu, N. H. (2026, July 28). Understanding how Vietnam's middle class is reshaping consumer spending. Vietnam Briefing.",https://www.vietnam-briefing.com/news/understanding-vietnams-middle-class-size-spending-patterns-and-opportunities-for-businesses.html,2026-10-03,,Q&Me 2026 survey.,Average monthly household income reached VND 27.5 million in Ho Chi Minh City
VN-7,demographics,Vietnam,"In Q1 2025, 28.8% of Vietnam's workers had a degree or certificate; over 70% had no formal qualification.","VTV News. (2025, April 18). Improving skills and professional qualifications of labourers. VTV.",https://english.vtv.vn/news/improving-skills-and-professional-qualifications-of-labourers-20250510012720434.htm,2026-10-03,,Article credited to NDO (Nhan Dan Online); data from the General Statistics Office.,the proportion of trained labourers with degrees or certificates in Q1/2025 stood at 28.8%
VN-8,buying habits,Vietnam,"In UOB's 2025 survey, 33% of Vietnamese consumers looked for offers or discounts, 38% bought more on sale, 38% spent less on non-essentials and 33% paid a premium for an eco-friendly product.",United Overseas Bank. (2025). ASEAN consumer sentiment study 2025: Vietnam report. UOB.,https://www.uobgroup.com/assets/web-resources/asean-insights/pdf/acss-2025-vietnam-report.pdf,2026-10-03,,,Paid a premium for a more ecofriendly/sustainable product
VN-9,buying habits,Vietnam,"In UOB's 2025 survey, 62% of Vietnamese consumers had paid with e-wallets, 49% with cash, 37% with QR scan-to-pay and 37% with a physical credit card.",United Overseas Bank. (2025). ASEAN consumer sentiment study 2025: Vietnam report. UOB.,https://www.uobgroup.com/assets/web-resources/asean-insights/pdf/acss-2025-vietnam-report.pdf,2026-10-03,,,
VN-10,buying habits,Vietnam,47% of Vietnamese consumers name price as the most important factor when choosing food.,"Vu, N. H. (2026, July 28). Understanding how Vietnam's middle class is reshaping consumer spending. Vietnam Briefing.",https://www.vietnam-briefing.com/news/understanding-vietnams-middle-class-size-spending-patterns-and-opportunities-for-businesses.html,2026-10-03,,,47 percent of Vietnamese consumers cite price as the most important factor when choosing food products
VN-11,buying habits,Vietnam,"74% of Vietnamese consumers are highly concerned about pesticide residues and ultra-processed foods, and 54% buy prepared food at least once a week.","Vu, N. H. (2026, July 28). Understanding how Vietnam's middle class is reshaping consumer spending. Vietnam Briefing.",https://www.vietnam-briefing.com/news/understanding-vietnams-middle-class-size-spending-patterns-and-opportunities-for-businesses.html,2026-10-03,,,74 percent are highly concerned about pesticide residues and ultra-processed foods
VN-12,buying habits,Vietnam,"Shopee, TikTok Shop, Lazada and Tiki sold 429 trillion dong in Vietnam in 2025: Shopee 56%, TikTok Shop 41.3%, and Lazada and Tiki 3% together.","Viet Nam News. (2026, January 15). Vietnamese spend $45 million a day online shopping. Bizhub.",https://bizhub.vietnamnews.vn/vietnamese-spend-45-million-a-day-online-shopping-post395664.html,2026-10-03,,Data from Metric.,Shopee and Tiktok dominated the e-commerce market in Việt Nam with shares of 56 per cent and 41.3 per cent
VN-13,buying habits,Vietnam,"Cash on delivery remains Vietnam's most preferred way to pay online, and 49% of online shoppers have tried buy-now-pay-later.","TGM Research. (2025, June 20). Vietnam e-commerce 2025 by TGM Research: The rise of social, mobile & platform power. TGM Research.",https://tgmresearch.com/press-tgm-vietnam-ecommerce-insights-2025.html,2026-10-03,,,Cash on delivery (COD) remains the most preferred payment method
VN-14,media channels,Vietnam,"35% of Vietnamese consumers have joined a livestream shopping event, and 92% of online shoppers buy on a smartphone.","TGM Research. (2025, June 20). Vietnam e-commerce 2025 by TGM Research: The rise of social, mobile & platform power. TGM Research.",https://tgmresearch.com/press-tgm-vietnam-ecommerce-insights-2025.html,2026-10-03,,,35% of consumers have attended a livestream shopping event
VN-15,buying habits,Vietnam,85% of Vietnamese respondents shopped around Tết and 44% joined the 12.12 sales.,"Viet Nam News. (2026, September 25). Vietnamese consumers spread shopping across multiple peak-season events. Viet Nam News.",https://vietnamnews.vn/economy/1800588/vietnamese-consumers-spread-shopping-across-multiple-peak-season-events.html,2026-10-03,,"Ipsos Holiday Shopping Study, November 2025.",85 per cent of respondents saying they shopped around the holiday
VN-16,media channels,Vietnam,"82.8% of Vietnamese online adults prefer messaging to communicate with businesses, and 61.2% message a business every day.","Viet Nam News. (2026, September 25). Vietnamese consumers spread shopping across multiple peak-season events. Viet Nam News.",https://vietnamnews.vn/economy/1800588/vietnamese-consumers-spread-shopping-across-multiple-peak-season-events.html,2026-10-03,,Kantar research commissioned by Meta.,82.8 per cent said messaging was their preferred way of communicating with businesses
VN-17,media channels,Vietnam,"During peak shopping, 63% of Vietnamese respondents turned to Facebook and 58% to Messenger to connect with businesses.","Viet Nam News. (2026, September 25). Vietnamese consumers spread shopping across multiple peak-season events. Viet Nam News.",https://vietnamnews.vn/economy/1800588/vietnamese-consumers-spread-shopping-across-multiple-peak-season-events.html,2026-10-03,,,63 per cent of Vietnamese respondents turned to Facebook
VN-18,media channels,Vietnam,"In late 2025, 84.2% of Vietnam's population (85.6 million) used the internet, 77.6% (79.0 million, up 7.2%) had social media identities, and mobile connections equalled 134% of the population.","Kemp, S. (2025, November 8). Digital 2026: Vietnam. DataReportal.",https://datareportal.com/reports/digital-2026-vietnam,2026-10-03,,,
VN-19,media channels,Vietnam,"In late 2025, ads in Vietnam could reach 79.0 million on Facebook, 78.3 million monthly Zalo users, 76.1 million adults on TikTok, 62.1 million on YouTube and 57.8 million on Messenger.","Kemp, S. (2025, November 8). Digital 2026: Vietnam. DataReportal.",https://datareportal.com/reports/digital-2026-vietnam,2026-10-03,,,
VN-20,media channels,Vietnam,"Vietnam's Personal Data Protection Law was passed on 26 June 2025, took effect on 1 January 2026, and keeps consent at the centre.","Tilleke & Gibbins. (2025, June 26). Vietnam issues personal data protection law. Tilleke & Gibbins.",https://www.tilleke.com/insights/vietnam-issues-personal-data-protection-law,2026-10-03,,,"was passed by the National Assembly on June 26, 2025, and will enter into force on January 1, 2026"
VN-21,media channels,Vietnam,"Under the law, cross-border transfer violations can be fined up to 5% of the previous year's revenue, selling personal data up to ten times the revenue earned, and most other breaches up to 3 billion dong (about US$115,000).","Tilleke & Gibbins. (2025, June 26). Vietnam issues personal data protection law. Tilleke & Gibbins.",https://www.tilleke.com/insights/vietnam-issues-personal-data-protection-law,2026-10-03,,,"The fine for cross-border transfer violations is 5% of the violator's revenue of the preceding year or VND 3 billion, whichever is higher."
VN-22,media channels,Vietnam,Small enterprises and startups get a five-year grace period on some of the law's requirements.,"Tilleke & Gibbins. (2025, June 26). Vietnam issues personal data protection law. Tilleke & Gibbins.",https://www.tilleke.com/insights/vietnam-issues-personal-data-protection-law,2026-10-03,,,Small enterprises and startups have a five-year grace period from the effective date of the PDPL
